{"flutter":{"platforms":{"android":{"default":{"projectId":"warkop-database","appId":"1:205449264007:android:5daf1cd07cba570574f122","fileOutput":"android/app/google-services.json"}},"dart":{"lib/firebase_options.dart":{"projectId":"warkop-database","configurations":{"android":"1:205449264007:android:5daf1cd07cba570574f122","ios":"1:205449264007:ios:c888e422b68492cf74f122","macos":"1:205449264007:ios:c888e422b68492cf74f122","web":"1:205449264007:web:997935dd1a2b4c4b74f122","windows":"1:205449264007:web:b9cd75806caf3d7074f122"}}}}}}